,train,test,recall,precision,f1_score
MNB_cvec,0.9477221807318895,0.9328859060402684,0.927710843373494,0.9506172839506173,0.9390243902439024
MNB_tvec,0.9529499626587006,0.9351230425055929,0.9317269076305221,0.9508196721311475,0.9411764705882353
kNN_tvec,0.9305451829723674,0.796420581655481,0.8755020080321285,0.7841726618705036,0.8273244781783681
kNN_cvec,0.8752800597460791,0.8031319910514542,0.8995983935742972,0.7804878048780488,0.8358208955223881
